{
  "coarse": {
    "path": "runs\\perno_01\\gmsh\\coarse_3d.msh",
    "n_nodes": 939,
    "n_elems": 3107,
    "elem_counts": {
      "type_4": 3107
    },
    "bbox_min": [
      -10.0,
      -9.972037971811808,
      0.0
    ],
    "bbox_max": [
      10.0,
      9.972052731011066,
      90.0
    ],
    "tet_quality": {
      "min": 0.2634349529877026,
      "p01": 0.40297902985940387,
      "p05": 0.5316453007922196,
      "median": 0.8138885090811265,
      "mean": 0.7888033987638983,
      "p95": 0.9495869318722089,
      "p99": 0.9805099277076093
    },
    "edge_lengths": {
      "min": 0.5389038034113355,
      "p05": 1.938372353283176,
      "median": 2.9808453235234738,
      "mean": 3.175712029548813,
      "p95": 4.763437405600221,
      "max": 6.044585183384786
    }
  },
  "adapt": {
    "path": "runs\\perno_01\\gmsh\\adapt_3d.msh",
    "n_nodes": 3053,
    "n_elems": 11259,
    "elem_counts": {
      "type_4": 11259
    },
    "bbox_min": [
      -10.0,
      -10.0,
      0.0
    ],
    "bbox_max": [
      10.0,
      10.0,
      90.0
    ],
    "tet_quality": {
      "min": 0.42048456291255626,
      "p01": 0.5463949313282666,
      "p05": 0.6509879133107174,
      "median": 0.8527693549279075,
      "mean": 0.8342997776673697,
      "p95": 0.959392403442305,
      "p99": 0.9799006950367514
    },
    "edge_lengths": {
      "min": 0.2999999999999998,
      "p05": 1.0521289445595472,
      "median": 1.7951569653325872,
      "mean": 1.9765052854301648,
      "p95": 3.025970523571683,
      "max": 4.140864683352067
    }
  }
}