{
  "coarse": {
    "path": "runs\\demo_01\\gmsh\\coarse_3d.msh",
    "n_nodes": 185,
    "n_elems": 436,
    "elem_counts": {
      "type_15": 1,
      "type_4": 435
    },
    "bbox_min": [
      0.0,
      0.0,
      0.0
    ],
    "bbox_max": [
      1.0,
      1.0,
      0.01
    ],
    "tet_quality": {
      "min": 0.20967381629147905,
      "p01": 0.218590060918744,
      "p05": 0.2283172917405281,
      "median": 0.251993978902369,
      "mean": 0.2524699151319092,
      "p95": 0.28182670494875733,
      "p99": 0.29086427293964895
    },
    "edge_lengths": {
      "min": 0.01,
      "p05": 0.01,
      "median": 0.1249999999999998,
      "mean": 0.11043301285008257,
      "p95": 0.14278513274490534,
      "max": 0.16845863061991978
    }
  },
  "adapt": {
    "path": "runs\\demo_01\\gmsh\\adapt_3d.msh",
    "n_nodes": 2189,
    "n_elems": 6118,
    "elem_counts": {
      "type_15": 1,
      "type_4": 6117
    },
    "bbox_min": [
      0.0,
      0.0,
      0.0
    ],
    "bbox_max": [
      1.0,
      1.0,
      0.01
    ],
    "tet_quality": {
      "min": 0.4585264681572183,
      "p01": 0.5149625958787833,
      "p05": 0.5384274035447022,
      "median": 0.5815537757903568,
      "mean": 0.5835737482678879,
      "p95": 0.6375540970518082,
      "p99": 0.669290957524445
    },
    "edge_lengths": {
      "min": 0.01,
      "p05": 0.01,
      "median": 0.03351012500627717,
      "mean": 0.030644955505343952,
      "p95": 0.03726020876110591,
      "max": 0.04604457379804677
    }
  }
}